{
    "run_id": "2e2bd8be88e3431687f285c874e45683",
    "model_path": "model",
    "experiment_id": "417607852724233877",
    "model_name": "credit_risk_rnn",
    "metrics": {
        "train_accuracy": 0.7030768990516663,
        "train_loss": 0.6995150446891785,
        "val_accuracy": 0.7099999785423279,
        "val_loss": 0.6998723745346069,
        "precision": 0.0,
        "recall": 0.0,
        "auc": 0.0
    },
    "evaluation": {
        "run_id": "a40747b86936491389dd8cf7e848e63e",
        "timestamp": "2025-10-02 01:23:25",
        "metrics": {
            "accuracy": 0.688,
            "precision": 0.688,
            "recall": 1.0,
            "f1_score": 0.8151658767772512,
            "roc_auc": 0.5470333929636255,
            "specificity": 0.0,
            "false_positive_rate": 1.0,
            "negative_predictive_value": 0.0,
            "true_positives": 172,
            "true_negatives": 0,
            "false_positives": 78,
            "false_negatives": 0
        }
    }
}