{
    "accuracy": 0.672,
    "precision": 0.7319587628865979,
    "recall": 0.8255813953488372,
    "auc": 0.6590265035629272
}